"SYMBOL","COMPANY NAME","SUBJECT","DETAILS","BROADCAST DATE/TIME","RECEIPT","DISSEMINATION","DIFFERENCE","ATTACHMENT"
"JIOFIN","Jio Financial Services Limited","Trading Window","Jio Financial Services Limited has informed the Exchange regarding the Trading Window closure pursuant to SEBI (Prohibition of Insider Trading) Regulations, 2015","29-Sep-2025 13:36:37","2025-09-29 13:36:37","29-Sep-2025 13:36:39","00:00:02","https://nsearchives.nseindia.com/corporate/JIOFINANCIAL_29092025133619_Intimation_TWC.pdf"
"JIOFIN","Jio Financial Services Limited","Press Release","Please find attached a media release by the Company, titled  Jio Payments Bank Introduces  Savings Pro ; customers can now earn up to 6.5%* returns on their surplus funds.","22-Sep-2025 10:33:06","2025-09-22 10:33:06","22-Sep-2025 10:33:06","00:00:00","https://nsearchives.nseindia.com/corporate/JIOFIN_22092025103249_JFSL_.pdf"
"JIOFIN","Jio Financial Services Limited","Incorporation","Please note that the Company and Allianz Europe B.V. have incorporated a joint venture company named  Allianz Jio Reinsurance Limited  on September 8, 2025, to carry on the business of reinsurance in India, subject to regulatory approvals","09-Sep-2025 11:16:13","2025-09-09 11:16:13","09-Sep-2025 11:16:14","00:00:01","https://nsearchives.nseindia.com/corporate/JIOFINANCIAL_09092025111420_JFSL.pdf"
"JIOFIN","Jio Financial Services Limited","Allotment of Securities","Please note that the Stakeholders  Relationship Committee of the Company has allotted 50,00,00,000 warrants to the members of the promoter group of the Company","03-Sep-2025 10:59:52","2025-09-03 10:59:52","03-Sep-2025 10:59:53","00:00:01","https://nsearchives.nseindia.com/corporate/JIOFINANCIAL_03092025105745_JFSL.pdf"
"JIOFIN","Jio Financial Services Limited","Shareholders meeting","Disclosure of Voting Results - Second Annual General Meeting (Post Listing) of the Company","29-Aug-2025 22:28:34","2025-08-29 22:28:34","29-Aug-2025 22:28:34","00:00:00","https://nsearchives.nseindia.com/corporate/JIOFINANCIAL_29082025222453_JFSL.pdf"
"JIOFIN","Jio Financial Services Limited","Change in Auditors","Jio Financial Services Limited has informed the Exchange regarding Change in Auditors of the company.","28-Aug-2025 22:12:12","2025-08-28 22:12:12","28-Aug-2025 22:12:14","00:00:02","https://nsearchives.nseindia.com/corporate/JIOFINANCIAL_28082025220437_JFSL.pdf"
"JIOFIN","Jio Financial Services Limited","Shareholders meeting","Proceedings of the Second Annual General Meeting (Post Listing) of the Company, is attached","28-Aug-2025 21:36:32","2025-08-28 21:36:32","28-Aug-2025 21:36:32","00:00:00","https://nsearchives.nseindia.com/corporate/JIOFINANCIAL_28082025213615_JFSLproceedings.pdf"
"JIOFIN","Jio Financial Services Limited","Updates","Presentation made to the members during the Second Annual General Meeting (Post Listing) of the Company","28-Aug-2025 18:15:55","2025-08-28 18:15:55","28-Aug-2025 18:15:55","00:00:00","https://nsearchives.nseindia.com/corporate/JIOFINANCIAL_28082025180638_JFSL.pdf"
"JIOFIN","Jio Financial Services Limited","Copy of Newspaper Publication","This is to inform you that the advertisement on the captioned subject has been published today i.e. August 6, 2025 in the newspapers viz., The Times of India (English), The Economic Times (English), Maharashtra Times (Marathi) and Navbharat Times (Hindi).","06-Aug-2025 17:11:07","2025-08-06 17:11:07","06-Aug-2025 17:11:08","00:00:01","https://nsearchives.nseindia.com/corporate/JIOFINANCIAL_06082025171017_JFSL.pdf"
"JIOFIN","Jio Financial Services Limited","Shareholders meeting","Notice of the Second Annual General Meeting (Post Listing) and the Annual Report for the financial year 2024-25","05-Aug-2025 12:41:09","2025-08-05 12:41:09","05-Aug-2025 12:41:09","00:00:00","https://nsearchives.nseindia.com/corporate/JIOFIN_05082025124059_AnnualReportFY202425.pdf"
"JIOFIN","Jio Financial Services Limited","Copy of Newspaper Publication","This is to inform you that the Notice of the date of the Annual General Meeting, Record Date for Dividend and other related information has been published today i.e. August 4, 2025 in the newspapers viz. The Times of India (English), The Economic Times (English), Maharashtra Times (Marathi) and Navbharat Times (Hindi).","04-Aug-2025 17:27:45","2025-08-04 17:27:45","04-Aug-2025 17:27:46","00:00:01","https://nsearchives.nseindia.com/corporate/JIOFINANCIAL_04082025172733_JFSL.pdf"
"JIOFIN","Jio Financial Services Limited","Record Date","Jio Financial Services Limited has informed the Exchange that Record date for the purpose of Dividend  is 11-Aug-2025.","02-Aug-2025 11:40:40","2025-08-02 11:40:40","02-Aug-2025 11:40:41","00:00:01","https://nsearchives.nseindia.com/corporate/JIOFINANCIAL_02082025113549_JFSL.pdf"
"JIOFIN","Jio Financial Services Limited","General Updates","The Second Annual General Meeting (Post Listing) of the members of the Company will be held on Thursday, August 28, 2025 at 2:00 P.M. (IST) through Video Conferencing / Other Audio Visual Means","02-Aug-2025 11:33:19","2025-08-02 11:33:19","02-Aug-2025 11:33:20","00:00:01","https://nsearchives.nseindia.com/corporate/JIOFINANCIAL_02082025113202_JFSL.pdf"
"JIOFIN","Jio Financial Services Limited","Preferential issue","Jio Financial Services Limited has informed the Exchange about Preferential issue","30-Jul-2025 17:53:39","2025-07-30 17:53:39","30-Jul-2025 17:53:40","00:00:01","https://nsearchives.nseindia.com/corporate/JIOFINANCIAL_30072025175241_JFSL.pdf"
"JIOFIN","Jio Financial Services Limited","Outcome of Board Meeting","The Board of Directors of the Company at its meeting held today, considered and approved raising of funds through issuance of warrants,  by way of preferential issue on private placement basis, subject to approval of the members of the Company","30-Jul-2025 17:47:58","2025-07-30 17:47:58","30-Jul-2025 17:48:01","00:00:03","https://nsearchives.nseindia.com/corporate/JIOFINANCIAL_30072025174656_JFSL.pdf"
"JIOFIN","Jio Financial Services Limited","Analysts/Institutional Investor Meet/Con. Call Updates","Transcript of Presentation on Unaudited Financial Results (Consolidated and Standalone) for the quarter ended June 30, 2025","23-Jul-2025 13:42:44","2025-07-23 13:42:44","23-Jul-2025 13:42:45","00:00:01","https://nsearchives.nseindia.com/corporate/JIOFINANCIAL_23072025134235_JFSL.pdf"
"JIOFIN","Jio Financial Services Limited","Press Release","Please find attached a Joint Media Release by the Company and Allianz","18-Jul-2025 23:27:50","2025-07-18 23:27:50","18-Jul-2025 23:27:52","00:00:02","https://nsearchives.nseindia.com/corporate/JIOFINANCIAL_18072025232740_JFSL.pdf"
"JIOFIN","Jio Financial Services Limited","General Updates","Joint Venture with Allianz Europe B.V. for reinsurance business in India","18-Jul-2025 23:22:55","2025-07-18 23:22:55","18-Jul-2025 23:22:56","00:00:01","https://nsearchives.nseindia.com/corporate/JIOFINANCIAL_18072025232246_JFSL.pdf"
"JIOFIN","Jio Financial Services Limited","Analysts/Institutional Investor Meet/Con. Call Updates","Audio / Video Recording of Presentation on Unaudited Financial Results (Consolidated and Standalone) for the quarter ended June 30, 2025","17-Jul-2025 22:18:01","2025-07-17 22:18:01","17-Jul-2025 22:18:02","00:00:01","https://nsearchives.nseindia.com/corporate/JIOFINANCIAL_17072025221743_JFSL.pdf"
"JIOFIN","Jio Financial Services Limited","Press Release","Media Release - Consolidated and Standalone Unaudited Financial Results for the quarter ended June 30, 2025","17-Jul-2025 18:21:33","2025-07-17 18:21:33","17-Jul-2025 18:21:44","00:00:11","https://nsearchives.nseindia.com/corporate/JIOFINANCIAL_17072025182056_JFSL.pdf"
"JIOFIN","Jio Financial Services Limited","Investor Presentation","Jio Financial Services Limited has informed the Exchange about Investor Presentation","17-Jul-2025 17:55:18","2025-07-17 17:55:18","17-Jul-2025 17:55:20","00:00:02","https://nsearchives.nseindia.com/corporate/JIOFINANCIAL_17072025175411_JFSL.pdf"
"JIOFIN","Jio Financial Services Limited","Outcome of Board Meeting","In continuation of our letter dated July 10, 2025 and pursuant to Regulation 33 and other applicable provisions of the SEBI (Listing Obligations and Disclosure Requirements) Regulations, 2015, we attach the Unaudited Financial Results (Consolidated and Standalone) for the quarter ended June 30, 2025 along with Independent Auditor s Review Report. The said Financial Results were duly reviewed and recommended by the Audit Committee and approved by the Board of Directors of the Company, at their respective meetings held today.","17-Jul-2025 17:19:48","2025-07-17 17:19:48","17-Jul-2025 17:19:49","00:00:01","https://nsearchives.nseindia.com/corporate/JIOFINANCIAL_17072025171802_JFSL.pdf"
"JIOFIN","Jio Financial Services Limited","Analysts/Institutional Investor Meet/Con. Call Updates","We wish to inform you that a presentation to analysts on financial results of the Company for the quarter ended June 30, 2025 shall be made on July 17, 2025 at 19.30 hours IST after the Board meeting.","10-Jul-2025 19:26:42","2025-07-10 19:26:42","10-Jul-2025 19:26:43","00:00:01","https://nsearchives.nseindia.com/corporate/JIOFINANCIAL_10072025192610_JFSL.pdf"
"JIOFIN","Jio Financial Services Limited","Trading Window","Jio Financial Services Limited has informed the Exchange regarding the Trading Window closure pursuant to SEBI (Prohibition of Insider Trading) Regulations, 2015","30-Jun-2025 15:18:09","2025-06-30 15:18:09","30-Jun-2025 15:18:10","00:00:01","https://nsearchives.nseindia.com/corporate/JIOFINANCIAL_30062025151713_JFSL.pdf"
"JIOFIN","Jio Financial Services Limited","Granting/withdrawal/surrender/cancellation/suspension of key licenses/ regulatory approvals","Grant of certificate of registration to Jio BlackRock Broking Private Limited to act as a Stock Broker / Clearing Member","27-Jun-2025 10:38:03","2025-06-27 10:38:03","27-Jun-2025 10:38:04","00:00:01","https://nsearchives.nseindia.com/corporate/JIOFINANCIAL_27062025103641_JBBPL.pdf"
"JIOFIN","Jio Financial Services Limited","Acquisition","Investment in Jio Payments Bank Limited, a wholly owned subsidiary of the Company","25-Jun-2025 17:00:04","2025-06-25 17:00:04","25-Jun-2025 17:00:05","00:00:01","https://nsearchives.nseindia.com/corporate/JIOFINANCIAL_25062025165854_JPBL.pdf"
"JIOFIN","Jio Financial Services Limited","Disclosure under SEBI Takeover Regulations","Reliance Welfare Association has Submitted to the Exchange a copy of Disclosure under Regulation 31(4) of the Securities and Exchange Board of India (Substantial Acquisition of Shares and Takeovers) Regulations, 2011.","18-Jun-2025 18:50:11","2025-06-18 18:50:11","18-Jun-2025 18:50:12","00:00:01","https://nsearchives.nseindia.com/corporate/team_sandeshc_22052025134512_6.pdf"
"JIOFIN","Jio Financial Services Limited","Disclosure under SEBI Takeover Regulations","Reliance Industries Holding Private Limited has Submitted to the Exchange a copy of Disclosure under Regulation 31(4) of the Securities and Exchange Board of India (Substantial Acquisition of Shares and Takeovers) Regulations, 2011.","18-Jun-2025 18:49:51","2025-06-18 18:49:51","18-Jun-2025 18:49:52","00:00:01","https://nsearchives.nseindia.com/corporate/team_sandeshc_22052025132121_2.pdf"
"JIOFIN","Jio Financial Services Limited","Acquisition","This is further to our disclosure dated March 04, 2025. The Company has today at around 3.27 p.m. acquired 7,90,80,000 equity shares of Jio Payments Bank Limited ( JPBL ) from State Bank of India for an aggregate consideration of Rs. 104.54 crore pursuant to the approval received from Reserve Bank of India on June 4, 2025. Consequent to this acquisition, JPBL has become a wholly owned subsidiary of the Company.","18-Jun-2025 16:34:50","2025-06-18 16:34:50","18-Jun-2025 16:34:50","00:00:00","https://nsearchives.nseindia.com/corporate/JIOFINANCIAL_18062025163439_JFSL.pdf"
"JIOFIN","Jio Financial Services Limited","Updates","This is further to our disclosure dated June 10, 2025. We wish to inform you that the Company executives participated in the Institutional Investors' Meeting - Non-Deal Roadshow with Citi on June 16-17, 2025","17-Jun-2025 19:33:41","2025-06-17 19:33:41","17-Jun-2025 19:33:42","00:00:01","https://nsearchives.nseindia.com/corporate/JIOFINANCIAL_17062025193051_JFSL.pdf"
"JIOFIN","Jio Financial Services Limited","Updates","This is further to our disclosure dated June 11, 2025. We wish to inform you that the Company executives participated in the Institutional Investors' Meeting - Non-Deal Roadshow with Citi on June 15, 2025","15-Jun-2025 20:27:05","2025-06-15 20:27:05","15-Jun-2025 20:27:07","00:00:02","https://nsearchives.nseindia.com/corporate/JIOFIN_15062025202513_JFSL.pdf"
"JIOFIN","Jio Financial Services Limited","Analysts/Institutional Investor Meet/Con. Call Updates","Please note that the Company executives will be participating in the Institutional Investors Meeting organised by third party - Non-Deal Roadshow with Citi on June 15, 2025","11-Jun-2025 18:26:56","2025-06-11 18:26:56","11-Jun-2025 18:26:58","00:00:02","https://nsearchives.nseindia.com/corporate/JIOFIN_11062025182416_JFSL.pdf"
"JIOFIN","Jio Financial Services Limited","Granting/withdrawal/surrender/cancellation/suspension of key licenses/ regulatory approvals","Grant of Certificate of Registration by SEBI to Jio BlackRock Investment Advisers Private Limited to act as an Investment Adviser","11-Jun-2025 14:23:36","2025-06-11 14:23:36","11-Jun-2025 14:23:37","00:00:01","https://nsearchives.nseindia.com/corporate/JIOFIN_11062025142240_JBIAPL.pdf"
"JIOFIN","Jio Financial Services Limited","Analysts/Institutional Investor Meet/Con. Call Updates","Please note that the Company executives will be participating in the Institutional Investors Meeting organised by third party - Non-Deal Roadshow with Citi on June 16-17, 2025","10-Jun-2025 19:19:59","2025-06-10 19:19:59","10-Jun-2025 19:20:00","00:00:01","https://nsearchives.nseindia.com/corporate/JIOFIN_10062025191849_JFSL.pdf"
"JIOFIN","Jio Financial Services Limited","Updates","This is further to our disclosure dated May 23, 2025. We wish to inform you that the Company executives participated in the Institutional Investors' Meeting - Bank of America s 2025 India Conference on June 2, 2025","02-Jun-2025 18:42:35","2025-06-02 18:42:35","02-Jun-2025 18:42:35","00:00:00","https://nsearchives.nseindia.com/corporate/JIOFINANCIAL_02062025183846_JFSL.pdf"
"JIOFIN","Jio Financial Services Limited","Updates","This is further to our disclosure dated May 23, 2025. We wish to inform you that the Company executives participated in the Institutional Investors' Meeting - Citi's 2025 Macro & Pan-Asia Investor Conference on May 28-29, 2025","29-May-2025 16:12:08","2025-05-29 16:12:08","29-May-2025 16:12:09","00:00:01","https://nsearchives.nseindia.com/corporate/JIOFINANCIAL_29052025160911_JFSL.pdf"
"JIOFIN","Jio Financial Services Limited","Granting/withdrawal/surrender/cancellation/suspension of key licenses/ regulatory approvals","Intimation of grant of certificate of registration to Jio BlackRock Mutual Fund by SEBI","27-May-2025 13:09:11","2025-05-27 13:09:11","27-May-2025 13:09:12","00:00:01","https://nsearchives.nseindia.com/corporate/JIOFINANCIAL_27052025130900_JFSL.pdf"
"JIOFIN","Jio Financial Services Limited","Analysts/Institutional Investor Meet/Con. Call Updates","Please note that the Company executives will be participating in the Institutional Investors' Meeting organised by third party - Bank of America s 2025 India Conference on June 2, 2025","23-May-2025 17:25:41","2025-05-23 17:25:41","23-May-2025 17:25:42","00:00:01","https://nsearchives.nseindia.com/corporate/JIOFINANCIAL_23052025172505_JFSL_BofA.pdf"
"JIOFIN","Jio Financial Services Limited","Analysts/Institutional Investor Meet/Con. Call Updates","Please note that the Company executives will be participating in the Institutional Investors' Meeting organised by third party - Citi's 2025 Macro & Pan-Asia Investor Conference on May 28-29, 2025","23-May-2025 17:17:29","2025-05-23 17:17:29","23-May-2025 17:17:29","00:00:00","https://nsearchives.nseindia.com/corporate/JIOFINANCIAL_23052025171655_JFSL_Citi.pdf"
"JIOFIN","Jio Financial Services Limited","Analysts/Institutional Investor Meet/Con. Call Updates","Jio Financial Services Limited has informed the Exchange about Transcript","18-Apr-2025 18:02:39","2025-04-18 18:02:39","18-Apr-2025 18:02:40","00:00:01","https://nsearchives.nseindia.com/corporate/JIOFINANCIAL_18042025180224_transcript.pdf"
"JIOFIN","Jio Financial Services Limited","Analysts/Institutional Investor Meet/Con. Call Updates","Jio Financial Services Limited has informed the Exchange about Link of Recording","17-Apr-2025 21:41:57","2025-04-17 21:41:57","17-Apr-2025 21:41:58","00:00:01","https://nsearchives.nseindia.com/corporate/JIOFINANCIAL_17042025214146_AudioVideorecordings.pdf"
"JIOFIN","Jio Financial Services Limited","Press Release","Media Release - Consolidated and Standalone Financial Results for the quarter and year ended March 31, 2025","17-Apr-2025 19:40:48","2025-04-17 19:40:48","17-Apr-2025 19:40:48","00:00:00","https://nsearchives.nseindia.com/corporate/JIOFINANCIAL_17042025194037_SE_Press_Release_s.pdf"
"JIOFIN","Jio Financial Services Limited","Dividend","Jio Financial Services Limited has informed the Exchange that Board of Directors at its meeting held on April 17, 2025, recommended Final Dividend of Rs. 0.50 per equity share.","17-Apr-2025 19:30:04","2025-04-17 19:30:04","17-Apr-2025 19:30:05","00:00:01","https://nsearchives.nseindia.com/corporate/JIOFINANCIAL_17042025192931_results_FY25_signed.pdf"
"JIOFIN","Jio Financial Services Limited","Investor Presentation","Jio Financial Services Limited has informed the Exchange about Investor Presentation","17-Apr-2025 19:22:41","2025-04-17 19:22:41","17-Apr-2025 19:22:41","00:00:00","https://nsearchives.nseindia.com/corporate/JIOFINANCIAL_17042025192222_SE_Investor_Presentation_s.pdf"
"JIOFIN","Jio Financial Services Limited","Outcome of Board Meeting","Pursuant to Regulation 33 and other applicable provisions of the Listing Regulations, we enclose the following: i.   Audited Financial Results (Consolidated and Standalone) for the quarter and year ended March 31, 2025; ii.  Auditors  Reports with unmodified opinions on the aforesaid Audited Financial Results (Consolidated and Standalone). The meeting of the Board of Directors commenced at 4.50 p.m. and concluded at 6.30 p.m.","17-Apr-2025 19:17:14","2025-04-17 19:17:14","17-Apr-2025 19:17:14","00:00:00","https://nsearchives.nseindia.com/corporate/JIOFINANCIAL_17042025191349_results_FY25_signed.pdf"
"JIOFIN","Jio Financial Services Limited","Analysts/Institutional Investor Meet/Con. Call Updates","We wish to inform you that a presentation to analysts on financial results of the Company for the quarter and year ended March 31, 2025 shall be made on April 17, 2025 at 19.30 hours IST after the Board Meeting.","14-Apr-2025 17:56:47","2025-04-14 17:56:47","14-Apr-2025 17:56:47","00:00:00","https://nsearchives.nseindia.com/corporate/JIOFINANCIAL_14042025175534_Intimation_of_Analyst_Call_Q4FY25.pdf"
"JIOFIN","Jio Financial Services Limited","Press Release","Please find attached a media release by the Company, titled  Jio Finance Limited foraysinto Digital Loan Against Securities.","08-Apr-2025 13:48:29","2025-04-08 13:48:29","08-Apr-2025 13:48:30","00:00:01","https://nsearchives.nseindia.com/corporate/JIOFINANCIAL_08042025134816_PressRelease_.pdf"
"JIOFIN","Jio Financial Services Limited","Acquisition","Investment in Jio BlackRock Asset Management Private Limited, Joint Venture between the Company and BlackRock","03-Apr-2025 21:34:00","2025-04-03 21:34:00","03-Apr-2025 21:34:01","00:00:01","https://nsearchives.nseindia.com/corporate/JIOFINANCIAL_03042025213219_JFSL.pdf"
"JIOFIN","Jio Financial Services Limited","Acquisition","Investment in Jio BlackRock Investment Advisers Private Limited, Joint Venture between the Company and BlackRock","03-Apr-2025 17:25:34","2025-04-03 17:25:34","03-Apr-2025 17:25:36","00:00:02","https://nsearchives.nseindia.com/corporate/JIOFINANCIAL_03042025172240_JFSL.pdf"
"JIOFIN","Jio Financial Services Limited","Trading Window","Jio Financial Services Limited has informed the Exchange regarding the Trading Window closure pursuant to SEBI (Prohibition of Insider Trading) Regulations, 2015","28-Mar-2025 17:35:00","2025-03-28 17:35:00","28-Mar-2025 17:35:02","00:00:02","https://nsearchives.nseindia.com/corporate/JIOFINANCIAL_28032025173451_Intimation_of_Trading_Window_Close_Period.pdf"
"JIOFIN","Jio Financial Services Limited","Acquisition","Investment in Jio Payments Bank Limited","27-Mar-2025 18:34:19","2025-03-27 18:34:19","27-Mar-2025 18:34:19","00:00:00","https://nsearchives.nseindia.com/corporate/JIOFINANCIAL_27032025183410_JPBL.pdf"
"JIOFIN","Jio Financial Services Limited","Acquisition","Investment in Jio Finance Limited, a wholly owned subsidiary of the Company","27-Mar-2025 17:55:04","2025-03-27 17:55:04","27-Mar-2025 17:55:05","00:00:01","https://nsearchives.nseindia.com/corporate/JIOFINANCIAL_27032025175412_JFSL.pdf"
"JIOFIN","Jio Financial Services Limited","Updates","This is further to our disclosure dated March 12, 2025. We wish to inform you that the Company executives participated in the Institutional Investors' Meeting - Bank of America s Bi-annual India Financials Trip on March 19, 2025 at Mumbai","19-Mar-2025 17:52:29","2025-03-19 17:52:29","19-Mar-2025 17:52:30","00:00:01","https://nsearchives.nseindia.com/corporate/JIOFINANCIAL_19032025175048_JFSL.pdf"
"JIOFIN","Jio Financial Services Limited","Analysts/Institutional Investor Meet/Con. Call Updates","Please note that the Company executives will be participating in the Institutional Investors' Meeting organised by third party - Bank of America's Bi-annual India Financials Trip on March 19, 2025 at Mumbai.","12-Mar-2025 19:30:20","2025-03-12 19:30:20","12-Mar-2025 19:30:20","00:00:00","https://nsearchives.nseindia.com/corporate/JIOFINANCIAL_12032025193007_JFSL.pdf"
"JIOFIN","Jio Financial Services Limited","Acquisition","Acquisition of balance stake in Jio Payments Bank Limited","04-Mar-2025 14:27:35","2025-03-04 14:27:35","04-Mar-2025 14:27:36","00:00:01","https://nsearchives.nseindia.com/corporate/JIOFINANCIAL_04032025142335_JFSLdisclosure.pdf"
"JIOFIN","Jio Financial Services Limited","Updates","This is further to our disclosure dated February 20, 2025 made by the Company. We wish to inform you that the Company executives participated in the Institutional Investors' Meeting - IIFL's 16th Enterprising India Global Investors' Conference on February 26, 2025 at Mumbai.","26-Feb-2025 18:09:57","2025-02-26 18:09:57","26-Feb-2025 18:09:58","00:00:01","https://nsearchives.nseindia.com/corporate/JIOFINANCIAL_26022025180947_Update.pdf"
"JIOFIN","Jio Financial Services Limited","Analysts/Institutional Investor Meet/Con. Call Updates","Please note that the Company executives will be participating in the Institutional Investors' Meeting organised by third party - IIFL's 16th Enterprising India Global Investors' Conference on February 26, 2025 at Mumbai. It is expected that the meetings with the investors will be on a one-on-one basis / in groups.","20-Feb-2025 17:56:12","2025-02-20 17:56:12","20-Feb-2025 17:56:13","00:00:01","https://nsearchives.nseindia.com/corporate/JIOFINANCIAL_20022025175555_Intimation.pdf"
"JIOFIN","Jio Financial Services Limited","Updates","This is further to our disclosure dated February 6, 2025 made by the Company. We wish to inform you that the Company executives participated in the Institutional Investors  Meeting - Kotak Securities Limited's Chasing Growth 2025 on February 19, 2025 at Mumbai","19-Feb-2025 16:28:11","2025-02-19 16:28:11","19-Feb-2025 16:28:12","00:00:01","https://nsearchives.nseindia.com/corporate/JIOFINANCIAL_19022025162759_Update.pdf"
"JIOFIN","Jio Financial Services Limited","Updates","This is further to our disclosure dated February 6, 2025 made by the Company. We wish to inform you that the Company executives participated in the Institutional Investors  Meeting - Kotak Securities Limited's Chasing Growth 2025 on February 17, 2025 at Mumbai","17-Feb-2025 20:07:12","2025-02-17 20:07:12","17-Feb-2025 20:07:12","00:00:00","https://nsearchives.nseindia.com/corporate/JIOFINANCIAL_17022025200652_Update.pdf"
"JIOFIN","Jio Financial Services Limited","General Updates","This is further to our disclosure dated February 6, 2025 made by the Company. We wish to inform you that the Company executives participated in the Institutional Investors' Meeting - Citi's 2025 India Investor Conference on February 13, 2025 at Mumbai","13-Feb-2025 19:15:20","2025-02-13 19:15:20","13-Feb-2025 19:15:21","00:00:01","https://nsearchives.nseindia.com/corporate/JIOFINANCIAL_13022025191508_JFSLupdateonmeet.pdf"
"JIOFIN","Jio Financial Services Limited","Analysts/Institutional Investor Meet/Con. Call Updates","Please note that the Company executives will be participating in the Institutional Investors' Meeting organised by third party: 1. Citi's 2025 India Investor Conference on February 13, 2025 at Mumbai and 2. Kotak Securities Limited's Chasing Growth 2025 on February 17-19, 2025 at Mumbai. It is expected that the meeting with the investors will be on a one-on-one basis.","06-Feb-2025 17:49:44","2025-02-06 17:49:44","06-Feb-2025 17:49:44","00:00:00","https://nsearchives.nseindia.com/corporate/JIOFINANCIAL_06022025174130_JFSLDisclosure.pdf"
"JIOFIN","Jio Financial Services Limited","Acquisition","Investment in Jio BlackRock Asset Management Private Limited, Joint Venture between the Company and BlackRock","21-Jan-2025 19:38:05","2025-01-21 19:38:05","21-Jan-2025 19:38:05","00:00:00","https://nsearchives.nseindia.com/corporate/JIOFINANCIAL_21012025193445_JFSLAMC.pdf"
"JIOFIN","Jio Financial Services Limited","General Updates","Jio BlackRock Investment Advisers Private Limited, a Joint Venture company of the Companyhas incorporated a wholly owned subsidiary named Jio BlackRock Broking Private Limited","21-Jan-2025 11:40:40","2025-01-21 11:40:40","21-Jan-2025 11:40:40","00:00:00","https://nsearchives.nseindia.com/corporate/JIOFINANCIAL_21012025113321_JioBlackRock_.pdf"
"JIOFIN","Jio Financial Services Limited","Analysts/Institutional Investor Meet/Con. Call Updates","Jio Financial Services Limited has informed the Exchange about Transcript","21-Jan-2025 11:10:11","2025-01-21 11:10:11","21-Jan-2025 11:10:12","00:00:01","https://nsearchives.nseindia.com/corporate/JIOFINANCIAL_21012025111000_JFSLTranscript.pdf"
"JIOFIN","Jio Financial Services Limited","Analysts/Institutional Investor Meet/Con. Call Updates","Jio Financial Services Limited has informed the Exchange about Link of Recording","17-Jan-2025 20:33:42","2025-01-17 20:33:42","17-Jan-2025 20:33:43","00:00:01","https://nsearchives.nseindia.com/corporate/JIOFINANCIAL_17012025203243_AudioVideoRec.pdf"
"JIOFIN","Jio Financial Services Limited","Integrated Filing- Financial","Integrated Filing (Financial) for the quarter and nine months ended December 31, 2024 is attached.","17-Jan-2025 19:04:41","2025-01-17 19:04:41","17-Jan-2025 19:04:42","00:00:01","https://nsearchives.nseindia.com/corporate/JIOFINANCIAL_17012025185919_IntegratedFiling.pdf"
"JIOFIN","Jio Financial Services Limited","Investor Presentation","Jio Financial Services Limited has informed the Exchange about Investor Presentation","17-Jan-2025 18:15:38","2025-01-17 18:15:38","17-Jan-2025 18:15:39","00:00:01","https://nsearchives.nseindia.com/corporate/JIOFINANCIAL_17012025181331_JFSL.pdf"
"JIOFIN","Jio Financial Services Limited","Financial Result Updates"," Jio Financial Services Limited has submitted to the Exchange, the financial results for the period ended December 31, 2024.","17-Jan-2025 18:03:01","2025-01-17 18:03:01","17-Jan-2025 18:03:01","00:00:00","https://nsearchives.nseindia.com/corporate/JFSLUFRQ32025_17012025180301.pdf"
"JIOFIN","Jio Financial Services Limited","Analysts/Institutional Investor Meet/Con. Call Updates","We wish to inform you that a presentation to analysts on financial results of the Company for the quarter and nine months ended December 31, 2024 shall be made on January 17, 2025 at 19.30 hours IST after the Board meeting","10-Jan-2025 16:01:41","2025-01-10 16:01:41","10-Jan-2025 16:01:42","00:00:01","https://nsearchives.nseindia.com/corporate/JIOFINANCIAL_10012025155743_IntimationofAnalystCallQ3FY25.pdf"
"JIOFIN","Jio Financial Services Limited","Updates","Contact details of Key Managerial Personnel of the Company authorized under Regulation 30(5) of the Securities and Exchange Board of India (Listing Obligations and Disclosure Requirements) Regulations, 2015","31-Dec-2024 17:21:45","2024-12-31 17:21:45","31-Dec-2024 17:21:46","00:00:01","https://nsearchives.nseindia.com/corporate/JIOFINANCIAL_31122024172002_JFSLReg30_5_.pdf"
"JIOFIN","Jio Financial Services Limited","Trading Window","Jio Financial Services Limited has informed the Exchange regarding the Trading Window closure pursuant to SEBI (Prohibition of Insider Trading) Regulations, 2015","30-Dec-2024 11:37:46","2024-12-30 11:37:46","30-Dec-2024 11:37:47","00:00:01","https://nsearchives.nseindia.com/corporate/JIOFINANCIAL_30122024113729_Intimation_TWC_s.pdf"
"JIOFIN","Jio Financial Services Limited","General Updates","Jio Payment Solutions Limited, a wholly owned subsidiary, has received certificate of authorisation from RBI to operate as an 'Online Payment Aggregator'","29-Oct-2024 11:32:28","2024-10-29 11:32:28","29-Oct-2024 11:32:29","00:00:01","https://nsearchives.nseindia.com/corporate/JIOFIN_29102024113228_JPSLRBIcertificate.pdf"
"JIOFIN","Jio Financial Services Limited","General Updates","Incorporation of companies for joint venture with BlackRock","29-Oct-2024 11:20:54","2024-10-29 11:20:54","29-Oct-2024 11:20:54","00:00:00","https://nsearchives.nseindia.com/corporate/JIOFIN_29102024112054_JFSLBlackRock.pdf"
"JIOFIN","Jio Financial Services Limited","Press Release","Jio Financial Services Limited has informed the Exchange regarding a press release dated October 29, 2024, titled ""This Dhanteras, invest in SmartGold through the JioFinance App"".","29-Oct-2024 08:30:51","2024-10-29 08:30:51","29-Oct-2024 08:30:52","00:00:01","https://nsearchives.nseindia.com/corporate/JIOFIN_29102024083051_JFSLPressRelease.pdf"
"JIOFIN","Jio Financial Services Limited","Others","Cancellation and reduction of the share capital of the Company consequent to the forfeiture and cancellation of partly paid-up equity shares by Reliance Industries Limited","23-Oct-2024 19:21:04","2024-10-23 19:21:04","23-Oct-2024 19:21:05","00:00:01","https://nsearchives.nseindia.com/corporate/JIOFIN_23102024192104_Reg30.pdf"
"JIOFIN","Jio Financial Services Limited","Analysts/Institutional Investor Meet/Con. Call Updates","Transcript of the Presentation made to analysts on the Unaudited Financial Results (Consolidated and Standalone) for the quarter and half year ended September 30, 2024","22-Oct-2024 19:04:38","2024-10-22 19:04:38","22-Oct-2024 19:04:39","00:00:01","https://nsearchives.nseindia.com/corporate/JIOFIN_22102024190438_JFSLTranscript.pdf"
"JIOFIN","Jio Financial Services Limited","Analysts/Institutional Investor Meet/Con. Call Updates","Audio / Video Recording of the Presentation made to analysts on the Unaudited Financial Results (Consolidated and Standalone) for the quarter and half year ended September 30, 2024","18-Oct-2024 20:17:26","2024-10-18 20:17:26","18-Oct-2024 20:17:27","00:00:01","https://nsearchives.nseindia.com/corporate/JIOFIN_18102024201726_AudioVideoRecordings.pdf"
"JIOFIN","Jio Financial Services Limited","Investor Presentation","Jio Financial Services Limited has informed the Exchange about Investor Presentation","18-Oct-2024 18:07:34","2024-10-18 18:07:34","18-Oct-2024 18:07:35","00:00:01","https://nsearchives.nseindia.com/corporate/JIOFIN_18102024180734_InvestorPresentation.pdf"
"JIOFIN","Jio Financial Services Limited","Financial Result Updates"," Jio Financial Services Limited has submitted to the Exchange, the financial results for the period ended September 30, 2024.","18-Oct-2024 17:54:33","2024-10-18 17:54:33","18-Oct-2024 17:54:34","00:00:01","https://nsearchives.nseindia.com/corporate/OutcomeJFSLsigned_18102024175433.pdf"
"JIOFIN","Jio Financial Services Limited","Analysts/Institutional Investor Meet/Con. Call Updates","We wish to inform you that a presentation to analysts on financial results of the Company for the quarter and half year ended September 30, 2024 shall be made on October 18, 2024 at 19.30 hours IST after the Board meeting.","11-Oct-2024 18:36:45","2024-10-11 18:36:45","11-Oct-2024 18:36:46","00:00:01","https://nsearchives.nseindia.com/corporate/JIOFIN_11102024183645_IntimationofAnalystCallQ2FY25.pdf"
"JIOFIN","Jio Financial Services Limited","Updates","Please find attached a media release by the Company, titled  Shaped by You, Built for #GenAll: The New JioFinance App.","11-Oct-2024 08:31:17","2024-10-11 08:31:17","11-Oct-2024 08:31:17","00:00:00","https://nsearchives.nseindia.com/corporate/JIOFIN_11102024083117_MediaRelease.pdf"
"JIOFIN","Jio Financial Services Limited","Granting/withdrawal/surrender/cancellation/suspension of key licenses/ regulatory approvals","Update on application by the Company and BlackRock to SEBI on October 19, 2023, seeking approval for the Company and BlackRock to act as co-sponsors of a Mutual Fund","04-Oct-2024 20:01:13","2024-10-04 20:01:13","04-Oct-2024 20:01:14","00:00:01","https://nsearchives.nseindia.com/corporate/JIOFIN_04102024200113_SEIntimationAMCinprincipal.pdf"
"JIOFIN","Jio Financial Services Limited","Disclosure under SEBI Takeover Regulations","Jamnagar Utilities & Power Private Limited has submitted to the Exchange a copy of Disclosures under Regulation 10(6)-Report to stock Exchange in respect of any acquisition made in reliance upon exemption provided for in regulation 10 of SEBI (SAST) Regulations, 2011.","01-Oct-2024 11:11:31","2024-10-01 11:11:31","01-Oct-2024 11:11:31","00:00:00","https://nsearchives.nseindia.com/corporate/JIOFIN_01102024111130_Intimation3.pdf"
"JIOFIN","Jio Financial Services Limited","Trading Window","Jio Financial Services Limited has informed the Exchange regarding the Trading Window closure pursuant to SEBI (Prohibition of Insider Trading) Regulations, 2015","27-Sep-2024 12:59:25","2024-09-27 12:59:25","27-Sep-2024 12:59:26","00:00:01","https://nsearchives.nseindia.com/corporate/JIOFIN_27092024125925_JFSL.pdf"
"JIOFIN","Jio Financial Services Limited","Copy of Newspaper Publication","This is to inform you that the advertisement titled ""Notice of Proposed Cancellation of Equity Shares of the Company held by JFSL TRUST - PPS (RIL)"" has been published, in English language, today i.e. September 19, 2024 in the following newspapers:All Editions:(i) Times of India (English newspaper); and(ii) Maharashtra Times (Marathi newspaper).The newspaper clippings are enclosed for your information and records.","19-Sep-2024 18:55:01","2024-09-19 18:55:01","19-Sep-2024 18:55:01","00:00:00","https://nsearchives.nseindia.com/corporate/JIOFIN_19092024185501_NewspaperclippingsJFSL.pdf"
"JIOFIN","Jio Financial Services Limited","Disclosure under SEBI Takeover Regulations","Jamnagar Utilities & Power Private Ltd has Submitted to the Exchange a copy of Disclosure under Regulation 10 (5) of the Securities and Exchange Board of India (Substantial Acquisition of Shares and Takeovers) Regulations, 2011.","16-Sep-2024 15:02:17","2024-09-16 15:02:17","16-Sep-2024 15:02:18","00:00:01","https://nsearchives.nseindia.com/corporate/JIOFIN_16092024150217_JIOFIN.pdf"
"JIOFIN","Jio Financial Services Limited","Acquisition","Incorporation of a Joint Venture Company","08-Sep-2024 17:29:58","2024-09-08 17:29:58","08-Sep-2024 17:29:59","00:00:01","https://nsearchives.nseindia.com/corporate/JIOFIN_08092024172958_JFSLWMC.pdf"
"JIOFIN","Jio Financial Services Limited","Shareholders meeting","Disclosure of Voting Results - First Annual General Meeting (Post Listing) of the Company","01-Sep-2024 16:10:24","2024-09-01 16:10:24","01-Sep-2024 16:10:25","00:00:01","https://nsearchives.nseindia.com/corporate/JIOFIN_01092024161024_JFSLVotingResults.pdf"
"JIOFIN","Jio Financial Services Limited","Change in Auditors","Jio Financial Services Limited has informed the Exchange regarding Change in Auditors of the company.","30-Aug-2024 20:58:08","2024-08-30 20:58:08","30-Aug-2024 20:58:08","00:00:00","https://nsearchives.nseindia.com/corporate/JIOFIN_30082024205808_Reg30JFSL.pdf"
"JIOFIN","Jio Financial Services Limited","Shareholders meeting","Proceedings of the First Annual General Meeting (Post Listing) of the Company, is attached","30-Aug-2024 19:41:29","2024-08-30 19:41:29","30-Aug-2024 19:41:30","00:00:01","https://nsearchives.nseindia.com/corporate/JIOFIN_30082024194129_ProceedingsJFSL.pdf"
"JIOFIN","Jio Financial Services Limited","Updates","Presentation made to the members during the First Annual General Meeting (Post Listing) of the Company","30-Aug-2024 18:59:59","2024-08-30 18:59:59","30-Aug-2024 19:00:00","00:00:01","https://nsearchives.nseindia.com/corporate/JIOFIN_30082024185959_PresentationJFSL.pdf"
"JIOFIN","Jio Financial Services Limited","Acquisition","Investment in Reliance International Leasing IFSC Limited by Jio Leasing Services Limited","27-Aug-2024 20:44:47","2024-08-27 20:44:47","27-Aug-2024 20:44:48","00:00:01","https://nsearchives.nseindia.com/corporate/JIOFIN_27082024204447_JLSL.pdf"
"JIOFIN","Jio Financial Services Limited","Acquisition","Investment in Jio Payments Bank Limited","27-Aug-2024 16:05:01","2024-08-27 16:05:01","27-Aug-2024 16:05:01","00:00:00","https://nsearchives.nseindia.com/corporate/JIOFIN_27082024160501_JPBL.pdf"
"JIOFIN","Jio Financial Services Limited","Updates","Approval received for foreign investment limit of 49% of the paid-up capital of the Company","24-Aug-2024 19:13:42","2024-08-24 19:13:42","24-Aug-2024 19:13:42","00:00:00","https://nsearchives.nseindia.com/corporate/JIOFIN_24082024191342_JFSLDEA.pdf"
"JIOFIN","Jio Financial Services Limited","Acquisition","Incorporation of Wholly Owned Subsidiary of the Company","15-Aug-2024 21:05:12","2024-08-15 21:05:12","15-Aug-2024 21:05:13","00:00:01","https://nsearchives.nseindia.com/corporate/JIOFIN_15082024210512_SEintimationWOS.pdf"
"JIOFIN","Jio Financial Services Limited","Copy of Newspaper Publication","This is to inform you that the advertisement on First Annual General Meeting (Post Listing) and Information on E-Voting and other related Information has been published today i.e. August 9, 2024 in the newspapers viz. The Times of India (English), The Economic Times (English), Maharashtra Times (Marathi) and Navbharat Times (Hindi). The newspaper clippings are enclosed for your information and records.","09-Aug-2024 15:57:58","2024-08-09 15:57:58","09-Aug-2024 15:57:58","00:00:00","https://nsearchives.nseindia.com/corporate/JIOFIN_09082024155758_Newspaperclippings.pdf"
"JIOFIN","Jio Financial Services Limited","Shareholders meeting","Notice of the First Annual General Meeting (Post Listing) and the Annual Report for the financial year 2023-24, are attached","08-Aug-2024 00:25:02","2024-08-08 00:25:02","08-Aug-2024 00:25:03","00:00:01","https://nsearchives.nseindia.com/corporate/JIOFIN_08082024002502_NoticeandAnnualReportFY24.pdf"
"JIOFIN","Jio Financial Services Limited","Copy of Newspaper Publication","Newspaper clippings    Information regarding First Annual General Meeting (Post Listing)","06-Aug-2024 16:27:53","2024-08-06 16:27:53","06-Aug-2024 16:27:54","00:00:01","https://nsearchives.nseindia.com/corporate/JIOFIN_06082024162753_Newspaperclippings.pdf"
"JIOFIN","Jio Financial Services Limited","Updates","This is to inform that the First Annual General Meeting (Post Listing) (""AGM"") of the members of the Company wilI be held on Friday, August 30, 2024 at 2:00 p.m. (IST) through Video Conferencing (""VC"") / Other Audio-Visual Means (""OAVM""), in accordance with the applicable circulars issued by the Ministry of Corporate Affairs and the Securities and Exchange Board of India.","05-Aug-2024 15:10:58","2024-08-05 15:10:58","05-Aug-2024 15:10:59","00:00:01","https://nsearchives.nseindia.com/corporate/JIOFIN_05082024151058_JFSLAGM.pdf"
"JIOFIN","Jio Financial Services Limited","Credit Rating","Jio Financial Services Limited has informed the Exchange about Credit Rating","21-Jul-2024 13:15:10","2024-07-21 13:15:10","21-Jul-2024 13:15:11","00:00:01","https://nsearchives.nseindia.com/corporate/JIOFIN_21072024131510_JLSLcreditrating.pdf"
"JIOFIN","Jio Financial Services Limited","Analysts/Institutional Investor Meet/Con. Call Updates","Jio Financial Services Limited has informed the Exchange about Transcript","16-Jul-2024 19:10:38","2024-07-16 19:10:38","16-Jul-2024 19:10:39","00:00:01","https://nsearchives.nseindia.com/corporate/JIOFIN_16072024191038_JFSLTranscript.pdf"
"JIOFIN","Jio Financial Services Limited","Analysts/Institutional Investor Meet/Con. Call Updates","Jio Financial Services Limited has informed the Exchange about Link of Recording","15-Jul-2024 20:43:29","2024-07-15 20:43:29","15-Jul-2024 20:43:30","00:00:01","https://nsearchives.nseindia.com/corporate/JIOFIN_15072024204329_AVR.pdf"
"JIOFIN","Jio Financial Services Limited","Investor Presentation","Jio Financial Services Limited has informed the Exchange about Investor Presentation","15-Jul-2024 19:11:53","2024-07-15 19:11:53","15-Jul-2024 19:11:54","00:00:01","https://nsearchives.nseindia.com/corporate/JIOFIN_15072024191154_InvestorPresentation.pdf"
"JIOFIN","Jio Financial Services Limited","Outcome of Board Meeting","Jio Financial Services Limited has informed the Exchange regarding Outcome of Board Meeting held on July 15, 2024.","15-Jul-2024 19:07:07","2024-07-15 19:07:07","15-Jul-2024 19:07:08","00:00:01","https://nsearchives.nseindia.com/corporate/JIOFIN_15072024190707_JFSL.pdf"
"JIOFIN","Jio Financial Services Limited","Financial Result Updates","Jio Financial Services Limited has submitted to the Exchange, the financial results for the period ended June 30, 2024.","15-Jul-2024 19:03:39","2024-07-15 19:03:39","15-Jul-2024 19:03:44","00:00:05","https://nsearchives.nseindia.com/corporate/JFSL_15072024190339.pdf"
"JIOFIN","Jio Financial Services Limited","Updates","Further to the disclosure dated November 21, 2023, the Company has today received from the Reserve Bank of India approval for conversion of the Company from Non-Banking Financial Company to Core Investment Company.","11-Jul-2024 22:39:20","2024-07-11 22:39:20","11-Jul-2024 22:39:20","00:00:00","https://nsearchives.nseindia.com/corporate/JIOFIN_11072024223920_JFSLCIC.pdf"
"JIOFIN","Jio Financial Services Limited","Analysts/Institutional Investor Meet/Con. Call Updates","Jio Financial Services Limited has informed the Exchange about Schedule of meet","10-Jul-2024 16:50:12","2024-07-10 16:50:12","10-Jul-2024 16:50:12","00:00:00","https://nsearchives.nseindia.com/corporate/JIOFIN_10072024165012_IntimationofAnalystCallQ1FY25.pdf"
"JIOFIN","Jio Financial Services Limited","Change in Management","We wish to inform you that Shri Charanjit Attra has tendered his resignation as Group ChiefOperating Officer (SMP) with effect from close of business hours of July 8, 2024 consequent to hisbeing appointed as the Managing Director and CEO of Jio Leasing Services Limited, a wholly-owned subsidiary of the Company, effective July 9, 2024.","08-Jul-2024 21:35:52","2024-07-08 21:35:52","08-Jul-2024 21:35:52","00:00:00","https://nsearchives.nseindia.com/corporate/JIOFIN_08072024213552_SEDisclosure080724final.pdf"
"JIOFIN","Jio Financial Services Limited","Credit Rating","Jio Financial Services Limited has informed the Exchange about Credit Rating","03-Jul-2024 15:22:20","2024-07-03 15:22:20","03-Jul-2024 15:22:21","00:00:01","https://nsearchives.nseindia.com/corporate/JIOFIN_03072024152220_JFSL.pdf"
"JIOFIN","Jio Financial Services Limited","Credit Rating","Jio Financial Services Limited has informed the Exchange about Credit Rating","30-Jun-2024 19:29:01","2024-06-30 19:29:01","30-Jun-2024 19:29:01","00:00:00","https://nsearchives.nseindia.com/corporate/JIOFIN_30062024192901_JFLCreditRating.pdf"
"JIOFIN","Jio Financial Services Limited","Trading Window","Jio Financial Services Limited has informed the Exchange regarding the Trading Window closure pursuant to SEBI (Prohibition of Insider Trading) Regulations, 2015","28-Jun-2024 14:31:54","2024-06-28 14:31:54","28-Jun-2024 14:31:55","00:00:01","https://nsearchives.nseindia.com/corporate/JIOFIN_28062024143154_JFSLIntimationTWC.pdf"
"JIOFIN","Jio Financial Services Limited","Amendment to AOA/MOA","Jio Financial Services Limited has informed the Exchange regarding the Amendment to AOA/MOA of the company.","24-Jun-2024 23:10:47","2024-06-24 23:10:47","24-Jun-2024 23:10:48","00:00:01","https://nsearchives.nseindia.com/corporate/JIOFIN_24062024231047_JFSLReg30MOA.pdf"
"JIOFIN","Jio Financial Services Limited","Shareholders meeting","The voting results in the format prescribed under Regulation 44(3) of SEBI (Listing Obligations and Disclosure Requirements) Regulations, 2015, along with the Scrutiniser s Report on remote e-voting, in respect of Postal Ballot Notice dated May 18, 2024 are attached.","24-Jun-2024 23:02:35","2024-06-24 23:02:35","24-Jun-2024 23:02:36","00:00:01","https://nsearchives.nseindia.com/corporate/JIOFIN_24062024230235_JFSLVotingresults.pdf"
"JIOFIN","Jio Financial Services Limited","Change in Management","We wish to inform you that the Board of Directors of the Company at its meeting held today, i.e., June 19, 2024, on the recommendation of the Nomination and Remuneration Committee and Risk Management Committee of the Board, approved the appointment of Shri S. Anantharaman as Group Chief Risk Officer of the Company, for a period of 5 (five) years, with effect from June 19, 2024","19-Jun-2024 12:30:47","2024-06-19 12:30:47","19-Jun-2024 12:30:47","00:00:00","https://nsearchives.nseindia.com/corporate/JIOFIN_19062024123047_JFSL.pdf"
"JIOFIN","Jio Financial Services Limited","Press Release","Please find attached, a media release by the Company, titled  Jio Financial Services Ltd. unveils  JioFinance  App in a &#946;eta version, marking a significant step forward in its digital transformation journey to enhance financial well-being of every Indian.","30-May-2024 16:31:54","2024-05-30 16:31:54","30-May-2024 16:31:55","00:00:01","https://nsearchives.nseindia.com/corporate/JIOFIN_30052024163154_JFSLMediaReleaseSigned.pdf"
"JIOFIN","Jio Financial Services Limited","Updates","Jio Financial Services Limited has informed the Exchange regarding 'Presentation On Item No. 2 Of The Postal Ballot Notice Dated May 18, 2024'.","29-May-2024 13:30:00","2024-05-29 13:30:00","29-May-2024 13:30:01","00:00:01","https://nsearchives.nseindia.com/corporate/JIOFIN_29052024133000_RPTPresentationIntimation.pdf"
"JIOFIN","Jio Financial Services Limited","Copy of Newspaper Publication","The Company had published a notice in the following newspapers: (i) ""The Times of India"", all India Editions, in English language; and (ii) ""Maharashtra Times"", all Editions, in Marathi language. The clippings of Mumbai edition of the two newspapers listed above are attached for your information and records.","24-May-2024 16:41:06","2024-05-24 16:41:06","24-May-2024 16:41:06","00:00:00","https://nsearchives.nseindia.com/corporate/JIOFIN_24052024164106_JFSL.pdf"
"JIOFIN","Jio Financial Services Limited","Shareholders meeting","Jio Financial Services Limited has informed the Exchange regarding Notice of Postal Ballot","23-May-2024 12:50:38","2024-05-23 12:50:38","23-May-2024 12:50:39","00:00:01","https://nsearchives.nseindia.com/corporate/JIOFIN_23052024125038_PostalBallotNotice.pdf"
"JIOFIN","Jio Financial Services Limited","Disclosure under SEBI Takeover Regulations","��Reliance Welfare Association����has Submitted to the Exchange a copy of Disclosure under Regulation 31(4) of the Securities and Exchange Board of India��(Substantial Acquisition of Shares and Takeovers) Regulations, 2011.","14-May-2024 15:58:16","2024-05-14 15:58:16","14-May-2024 15:58:35","00:00:19","https://nsearchives.nseindia.com/corporate/JIOFIN_14052024155816_JIOFIN1.pdf"
"JIOFIN","Jio Financial Services Limited","Disclosure under SEBI Takeover Regulations","��Reliance Industries Holding Private Limited��has Submitted to the Exchange a copy of Disclosure under Regulation 31(4) of the Securities and Exchange Board of India��(Substantial Acquisition of Shares and Takeovers) Regulations, 2011.","14-May-2024 15:58:13","2024-05-14 15:58:13","14-May-2024 15:58:27","00:00:14","https://nsearchives.nseindia.com/corporate/JIOFIN_14052024155813_JIOFIN.pdf"
"JIOFIN","Jio Financial Services Limited","Updates","Jio Financial Services Limited has informed the Exchange regarding 'Declaration'.","10-May-2024 17:45:49","2024-05-10 17:45:49","10-May-2024 17:45:54","00:00:05","https://nsearchives.nseindia.com/corporate/JIOFIN_10052024174549_JFSLDeclaration.pdf"
"JIOFIN","Jio Financial Services Limited","Updates","Intimation of receipt of approval of Ministry of Corporate Affairs for appointment of Shri Hitesh Kumar Sethia as Managing Director and Chief Executive Officer","29-Apr-2024 22:26:29","2024-04-29 22:26:29","29-Apr-2024 22:26:33","00:00:04","https://nsearchives.nseindia.com/corporate/JIOFIN_29042024222629_MDapproval.pdf"
"JIOFIN","Jio Financial Services Limited","Code of Conduct under SEBI(PIT) Reg., 2015","Jio Financial Services Limited has informed the Exchange about Code of Conduct under SEBI(PIT) Reg., 2015","23-Apr-2024 17:55:21","2024-04-23 17:55:21","23-Apr-2024 17:55:27","00:00:06","https://nsearchives.nseindia.com/corporate/JIOFIN_23042024175521_JFSL.pdf"
"JIOFIN","Jio Financial Services Limited","Analysts/Institutional Investor Meet/Con. Call Updates","Jio Financial Services Limited has informed the Exchange about Transcript","23-Apr-2024 10:27:40","2024-04-23 10:27:40","23-Apr-2024 10:27:46","00:00:06","https://nsearchives.nseindia.com/corporate/JIOFIN_23042024102740_Transcript.pdf"
"JIOFIN","Jio Financial Services Limited","Code of Conduct under SEBI(PIT) Reg., 2015","Jio Financial Services Limited has informed the Exchange about Code of Conduct under SEBI(PIT) Reg., 2015","22-Apr-2024 19:20:23","2024-04-22 19:20:23","22-Apr-2024 19:20:37","00:00:14","https://nsearchives.nseindia.com/corporate/JIOFIN_22042024192023_JFSLCode.pdf"
"JIOFIN","Jio Financial Services Limited","Analysts/Institutional Investor Meet/Con. Call Updates","Jio Financial Services Limited has informed the Exchange about Link of Recording","19-Apr-2024 20:45:40","2024-04-19 20:45:40","19-Apr-2024 20:45:46","00:00:06","https://nsearchives.nseindia.com/corporate/JIOFIN_19042024204540_AudioVideorecordings.pdf"
"JIOFIN","Jio Financial Services Limited","Investor Presentation","Jio Financial Services Limited has informed the Exchange about Investor Presentation","19-Apr-2024 18:07:27","2024-04-19 18:07:27","19-Apr-2024 18:07:34","00:00:07","https://nsearchives.nseindia.com/corporate/JIOFIN_19042024180728_InvestorPresentation.pdf"
"JIOFIN","Jio Financial Services Limited","Outcome of Board Meeting","Jio Financial Services Limited has informed the Exchange regarding Outcome of Board Meeting held on April 19, 2024.","19-Apr-2024 17:52:18","2024-04-19 17:52:18","19-Apr-2024 17:52:25","00:00:07","https://nsearchives.nseindia.com/corporate/JIOFIN_19042024175218_JFSLOutcome.pdf"
"JIOFIN","Jio Financial Services Limited","Financial Result Updates","Jio Financial Services Limited has submitted to the Exchange, the financial results for the period ended March 31, 2024.","19-Apr-2024 17:47:50","2024-04-19 17:47:50","19-Apr-2024 17:47:56","00:00:06","https://nsearchives.nseindia.com/corporate/JFSLOutcome_19042024174750.pdf"
"JIOFIN","Jio Financial Services Limited","Updates","Jio Financial Services Limited has informed the Exchange regarding 'Joint Venture with BlackRock for setting up the wealth management and broking business'.","15-Apr-2024 19:13:10","2024-04-15 19:13:10","15-Apr-2024 19:13:16","00:00:06","https://nsearchives.nseindia.com/corporate/JIOFIN_15042024191310_JFSLWMC.pdf"
"JIOFIN","Jio Financial Services Limited","Analysts/Institutional Investor Meet/Con. Call Updates","Jio Financial Services Limited has informed the Exchange about Schedule of meet","12-Apr-2024 13:12:09","2024-04-12 13:12:09","12-Apr-2024 13:12:14","00:00:05","https://nsearchives.nseindia.com/corporate/JIOFIN_12042024131209_IntimationofAnalystCallQ4FY24.pdf"
"JIOFIN","Jio Financial Services Limited","Trading Window","Jio Financial Services Limited has informed the Exchange regarding the Trading Window closure pursuant to SEBI (Prohibition of Insider Trading) Regulations, 2015","29-Mar-2024 11:44:42","2024-03-29 11:44:42","29-Mar-2024 11:44:47","00:00:05","https://nsearchives.nseindia.com/corporate/JIOFIN_29032024114442_Tradingwindowclosure.pdf"
"JIOFIN","Jio Financial Services Limited","Acquisition","Investment in Reliance International Leasing IFSC Limited by Jio Leasing Services Limited","28-Mar-2024 00:11:30","2024-03-28 00:11:30","28-Mar-2024 00:11:35","00:00:05","https://nsearchives.nseindia.com/corporate/JIOFIN_28032024001130_InvestmentinRILILSigned.pdf"
"JIOFIN","Jio Financial Services Limited","Acquisition","Investment by the Company in Jio Payments Bank Limited, Joint Venture","27-Mar-2024 22:29:37","2024-03-27 22:29:37","27-Mar-2024 22:29:43","00:00:06","https://nsearchives.nseindia.com/corporate/JIOFIN_27032024222937_JPBL.pdf"
"JIOFIN","Jio Financial Services Limited","Acquisition","Investment by the Company in Jio Leasing Services Limited, a wholly owned subsidiary","19-Mar-2024 20:08:06","2024-03-19 20:08:06","19-Mar-2024 20:08:12","00:00:06","https://nsearchives.nseindia.com/corporate/JIOFIN_19032024200806_JLSL.pdf"
"JIOFIN","Jio Financial Services Limited","Disclosure under SEBI Takeover Regulations","Sikka Ports & Terminals Limited and Jamnagar Utilities & Power Private Limited has submitted to the Exchange a copy of Disclosures under Regulation 10(6)-Report to stock Exchange in respect of any acquisition made in reliance upon exemption provided for in regulation 10 of SEBI (SAST) Regulations, 2011.","15-Mar-2024 13:31:38","2024-03-15 13:31:38","15-Mar-2024 13:31:43","00:00:05","https://nsearchives.nseindia.com/corporate/JIOFIN_15032024133138_SPTL.pdf"
"JIOFIN","Jio Financial Services Limited","Appointment","Jio Financial Services Limited has informed the Exchange regarding Appointment of Ms Rama Vedashree as Non- Executive Independent Director of the company w.e.f. March 30, 2024.","12-Mar-2024 18:26:28","2024-03-12 18:26:28","12-Mar-2024 18:26:32","00:00:04","https://nsearchives.nseindia.com/corporate/JIOFIN_12032024182628_JFSLDisclosure.pdf"
"JIOFIN","Jio Financial Services Limited","Disclosure under SEBI Takeover Regulations","Sikka Ports & Terminals Limited & Jamnagar Utilities & Power Private Limited has submitted to the Exchange a copy of Disclosure under Regulation 10(5) - Intimation to stock exchanges in respect of acquisition under Regulation 10(1)(a) of SEBI (Substantial Acquisition of Shares and Takeovers) Regulations, 2011.","01-Mar-2024 11:28:57","2024-03-01 11:28:57","01-Mar-2024 11:29:03","00:00:06","https://nsearchives.nseindia.com/corporate/JIOFIN_01032024112857_SPTLJUPL.pdf"
"JIOFIN","Jio Financial Services Limited","Diversification/Disinvestment","Jio Financial Services Limited has informed the Exchange about Disinvestment - Reliance Industrial Investments and Holdings Limited, a wholly owned subsidiary of Jio Financial Services Limited ( JFSL/ Company ), has informed the Company, that it has today sold its 100% equity stake in Jio Infrastructure Management Services Limited (JIMSL) to Reliance Strategic Business Ventures Limited for an aggregate cash consideration of Rs.0.92 crore. Accordingly, JIMSL ceased to be a stepdown subsidiary of the Company.","08-Feb-2024 14:49:57","2024-02-08 14:49:57","08-Feb-2024 14:50:06","00:00:09","https://nsearchives.nseindia.com/corporate/JIOFIN_08022024144957_Reg30JIMSL.pdf"
"JIOFIN","Jio Financial Services Limited","Credit Rating","Jio Financial Services Limited has informed the Exchange about Credit Rating","01-Feb-2024 10:14:27","2024-02-01 10:14:27","01-Feb-2024 10:14:34","00:00:07","https://nsearchives.nseindia.com/corporate/JIOFIN_01022024101427_JFLcreditrating.pdf"
"JIOFIN","Jio Financial Services Limited","Updates","Jio Financial Services Limited has informed the Exchange regarding 'Transcript of Presentation on Unaudited Financial Results (Consolidated and Standalone) for the quarter and nine months ended December 31, 2023'.","17-Jan-2024 19:07:47","2024-01-17 19:07:47","17-Jan-2024 19:07:52","00:00:05","https://nsearchives.nseindia.com/corporate/JIOFIN_17012024190747_Transcript.pdf"
"JIOFIN","Jio Financial Services Limited","Analysts/Institutional Investor Meet/Con. Call Updates","Jio Financial Services Limited has informed the Exchange about Transcript","17-Jan-2024 19:05:37","2024-01-17 19:05:37","17-Jan-2024 19:05:42","00:00:05","https://nsearchives.nseindia.com/corporate/JIOFIN_17012024190537_Transcript.pdf"
"JIOFIN","Jio Financial Services Limited","Analysts/Institutional Investor Meet/Con. Call Updates","Jio Financial Services Limited has informed the Exchange about Link of Recording","15-Jan-2024 21:06:25","2024-01-15 21:06:25","15-Jan-2024 21:06:30","00:00:05","https://nsearchives.nseindia.com/corporate/JIOFIN_15012024210625_AudioVideorecordingssigned.pdf"
"JIOFIN","Jio Financial Services Limited","Corrigendum","Jio Financial Services Limited has informed the Exchange regarding Corrigendum to Unaudited Financial Results (Consolidated and Standalone) for the quarter and nine months ended December 31, 2023","15-Jan-2024 20:11:29","2024-01-15 20:11:29","15-Jan-2024 20:11:36","00:00:07","https://nsearchives.nseindia.com/corporate/JIOFIN_15012024201129_CorrigendumFinancialResultssigned.pdf"
"JIOFIN","Jio Financial Services Limited","Investor Presentation","Jio Financial Services Limited has informed the Exchange about Investor Presentation","15-Jan-2024 18:55:37","2024-01-15 18:55:37","15-Jan-2024 18:55:41","00:00:04","https://nsearchives.nseindia.com/corporate/JIOFIN_15012024185537_JFSLInvestorPresentation.pdf"
"JIOFIN","Jio Financial Services Limited","Change in Management","Jio Financial Services Limited has informed the Exchange about change in Management","15-Jan-2024 18:33:08","2024-01-15 18:33:08","15-Jan-2024 18:33:12","00:00:04","https://nsearchives.nseindia.com/corporate/JIOFIN_15012024183308_OutcomeIAandCCOsigned.pdf"
"JIOFIN","Jio Financial Services Limited","Outcome of Board Meeting","Jio Financial Services Limited has informed the Exchange regarding Outcome of Board Meeting held on January 15, 2024.","15-Jan-2024 18:28:14","2024-01-15 18:28:14","15-Jan-2024 18:28:20","00:00:06","https://nsearchives.nseindia.com/corporate/JIOFIN_15012024182814_OutcomeIAandCCOsigned.pdf"
"JIOFIN","Jio Financial Services Limited","Financial Result Updates","Jio Financial Services Limited has submitted to the Exchange, the financial results for the period ended December 31, 2023.","15-Jan-2024 18:23:47","2024-01-15 18:23:47","15-Jan-2024 18:23:51","00:00:04","https://nsearchives.nseindia.com/corporate/JFSLOutcome_15012024182348.pdf"
"JIOFIN","Jio Financial Services Limited","Copy of Newspaper Publication","We are enclosing herewith the copies of the advertisement of notice published in the following newspapers today, i.e., January 15, 2024 under Section 201 of the Companies Act, 2013 intimating the Members of the Company about the application proposed to be made by the Company to the Central Government seeking its approval for appointment of Shri Hitesh Kumar Sethia as Managing Director and Chief Executive Officer of the Company:1. ""The Times of India"", Mumbai Edition, in English language; and 2. ""Maharashtra Times"", Mumbai Edition, in Marathi language.","15-Jan-2024 11:46:15","2024-01-15 11:46:15","15-Jan-2024 11:46:20","00:00:05","https://nsearchives.nseindia.com/corporate/JIOFIN_15012024114616_NewspaperPublication.pdf"
"JIOFIN","Jio Financial Services Limited","Analysts/Institutional Investor Meet/Con. Call Updates","Jio Financial Services Limited has informed the Exchange about Schedule of meet","10-Jan-2024 13:40:04","2024-01-10 13:40:04","10-Jan-2024 13:40:09","00:00:05","https://nsearchives.nseindia.com/corporate/JIOFIN_10012024134004_PresentationtoAnalysts.pdf"
"JIOFIN","Jio Financial Services Limited","News Verification","The Exchange has sought clarification from Jio Financial Services Limited with respect to recent news item captioned Jio Financial, BlackRock file papers with SEBI for MF business.  The response from the Company is attached.","08-Jan-2024 11:05:40","2024-01-08 11:05:40","08-Jan-2024 11:05:46","00:00:06","https://nsearchives.nseindia.com/corporate/JIOFIN_08012024110540_Reply_to_SE_-_News_clarification.pdf"
"JIOFIN","Jio Financial Services Limited","News Verification","The Exchange has sought clarification from Jio Financial Services Limited with respect to recent news item captioned Jio Financial, BlackRock file papers with SEBI for MF business.  The response from the Company is awaited.","05-Jan-2024 10:50:56","2024-01-05 10:50:56","05-Jan-2024 10:51:01","00:00:05","-"
"JIOFIN","Jio Financial Services Limited","Trading Window","Jio Financial Services Limited has informed the Exchange regarding the Trading Window closure pursuant to SEBI (Prohibition of Insider Trading) Regulations, 2015","29-Dec-2023 17:36:19","2023-12-29 17:36:19","29-Dec-2023 17:36:26","00:00:07","https://nsearchives.nseindia.com/corporate/JIOFIN_29122023173619_IntimationTWCsigned.pdf"
"JIOFIN","Jio Financial Services Limited","Updates","Jio Financial Services Limited has informed the Exchange regarding 'Update to the disclosure dated July 1, 2023 under Regulation 30 of the SEBI (ListingObligations and Disclosure Requirements) Regulations, 2015 made by RelianceIndustries Limited pertaining to Jio Financial Services Limited (formerly known asReliance Strategic Investments Limited)'.","14-Dec-2023 13:02:46","2023-12-14 13:02:46","14-Dec-2023 13:02:54","00:00:08","https://nsearchives.nseindia.com/corporate/JIOFIN_14122023130246_Reg30update_.pdf"
"JIOFIN","Jio Financial Services Limited","Reply to Clarification- Financial results","The Exchange had sought clarification from Jio Financial Services Limited for the quarter ended 30-Sep-2023 with respect to Regulation 33 of the SEBI (Listing Obligations and Disclosure Requirements) Regulations, 2015. On basis of above the Company was required to clarify the following:   -1. Financial results not signed by authorized signatory/ies The response of the Company is enclosed.","11-Dec-2023 09:52:18","2023-12-11 09:52:18","11-Dec-2023 09:52:23","00:00:05","https://nsearchives.nseindia.com/corporate/JIOFIN_11122023095218_JFSLReply.pdf"
"JIOFIN","Jio Financial Services Limited","Clarification - Financial Results","The Exchange has sought clarification from Jio Financial Services Limited for the quarter ended 30-Sep-2023 with respect to Regulation 33 of the SEBI (Listing Obligations and Disclosure Requirements) Regulations, 2015. On basis of above the Company is required to clarify the following:  -1. Financial results not signed by authorized signatory/ies The response of the Company is awaited.","28-Nov-2023 01:07:43","2023-11-28 01:07:43","28-Nov-2023 01:07:50","00:00:07","-"
"JIOFIN","Jio Financial Services Limited","Updates","Jio Financial Services Limited has informed the Exchange regarding 'Application to the Reserve Bank of India for conversion of the Company from Non-Banking Financial Company (NBFC) to Core Investment Company (CIC)'.","21-Nov-2023 22:32:39","2023-11-21 22:32:39","21-Nov-2023 22:32:44","00:00:05","https://nsearchives.nseindia.com/corporate/JIOFIN_21112023223239_JFSLIntimation.pdf"
"JIOFIN","Jio Financial Services Limited","News Verification","The Exchange has sought clarification from Jio Financial Services Limited with respect to recent news item captioned Jio Financial Services gains 3% on report of bond issue of up to Rs 10k crore.  The response from the Company is attached.","21-Nov-2023 15:48:02","2023-11-21 15:48:02","21-Nov-2023 15:48:08","00:00:06","https://nsearchives.nseindia.com/corporate/JIOFIN_21112023154802_JFLReplyletterS.pdf"
"JIOFIN","Jio Financial Services Limited","News Verification","The Exchange has sought clarification from Jio Financial Services Limited with respect to recent news item captioned Jio Financial Services gains 3% on report of bond issue of up to Rs 10k crore.  The response from the Company is awaited.","21-Nov-2023 12:58:33","2023-11-21 12:58:33","21-Nov-2023 12:58:42","00:00:09","-"
"JIOFIN","Jio Financial Services Limited","Resignation","Jio Financial Services Limited has informed the Exchange regarding Resignation of Mr Shri Jagannatha Kumar Venkata Gollapalli as Non- Executive Director of the company w.e.f. November 17, 2023.","17-Nov-2023 22:14:20","2023-11-17 22:14:20","17-Nov-2023 22:14:34","00:00:14","https://nsearchives.nseindia.com/corporate/JIOFIN_17112023221421_SEintimationresignationofdirectors.pdf"
"JIOFIN","Jio Financial Services Limited","Resignation","Jio Financial Services Limited has informed the Exchange regarding Resignation of Ms Jayashri Rajesh as Non- Executive Director of the company w.e.f. November 17, 2023.","17-Nov-2023 22:14:20","2023-11-17 22:14:20","17-Nov-2023 22:14:41","00:00:21","https://nsearchives.nseindia.com/corporate/JIOFIN_17112023221422_SEintimationresignationofdirectors.pdf"
"JIOFIN","Jio Financial Services Limited","Resignation","Jio Financial Services Limited has informed the Exchange regarding Resignation of Mr Sethuraman Kandasamy as Non- Executive Director of the company w.e.f. November 17, 2023.","17-Nov-2023 22:14:20","2023-11-17 22:14:20","17-Nov-2023 22:14:26","00:00:06","https://nsearchives.nseindia.com/corporate/JIOFIN_17112023221421_SEintimationresignationofdirectors.pdf"
"JIOFIN","Jio Financial Services Limited","Updates","Jio Financial Services Limited has informed the Exchange regarding 'Disclosure under Regulation 30 of the SEBI (Listing Obligations and DisclosureRequirements) Regulations, 2015'.","16-Nov-2023 14:31:34","2023-11-16 14:31:34","16-Nov-2023 14:31:43","00:00:09","https://nsearchives.nseindia.com/corporate/JIOFIN_16112023143134_disclosure.pdf"
"JIOFIN","Jio Financial Services Limited","Analysts/Institutional Investor Meet/Con. Call Updates","Jio Financial Services Limited has informed the Exchange about Transcript","19-Oct-2023 11:45:58","2023-10-19 11:45:58","19-Oct-2023 11:46:05","00:00:07","https://nsearchives.nseindia.com/corporate/JIOFIN_19102023114558_Transcript.pdf"
"JIOFIN","Jio Financial Services Limited","Updates","Jio Financial Services Limited has informed the Exchange regarding 'Transcript of Presentation on Unaudited Financial Results (Consolidated and Standalone) for the quarter and half-year ended September 30, 2023'.","19-Oct-2023 11:44:15","2023-10-19 11:44:15","19-Oct-2023 11:44:23","00:00:08","https://nsearchives.nseindia.com/corporate/JIOFIN_19102023114415_Transcript.pdf"
"JIOFIN","Jio Financial Services Limited","Analysts/Institutional Investor Meet/Con. Call Updates","Jio Financial Services Limited has informed the Exchange about Link of Recording","16-Oct-2023 21:17:31","2023-10-16 21:17:31","16-Oct-2023 21:17:37","00:00:06","https://nsearchives.nseindia.com/corporate/JIOFIN_16102023211732_Audiovideo.pdf"
"JIOFIN","Jio Financial Services Limited","Investor Presentation","Jio Financial Services Limited has informed the Exchange about Investor Presentation","16-Oct-2023 20:25:36","2023-10-16 20:25:36","16-Oct-2023 20:25:50","00:00:14","https://nsearchives.nseindia.com/corporate/JIOFIN_16102023202536_InvestorPresentation.pdf"
"JIOFIN","Jio Financial Services Limited","Change in Management","Jio Financial Services Limited has informed the Exchange about change in Management","16-Oct-2023 18:00:47","2023-10-16 18:00:47","16-Oct-2023 18:00:52","00:00:05","https://nsearchives.nseindia.com/corporate/JIOFIN_16102023180047_Outcome.pdf"
"JIOFIN","Jio Financial Services Limited","Outcome of Board Meeting","Jio Financial Services Limited has informed the Exchange regarding Outcome of Board Meeting held on October 16, 2023.","16-Oct-2023 17:55:22","2023-10-16 17:55:22","16-Oct-2023 17:55:27","00:00:05","https://nsearchives.nseindia.com/corporate/JIOFIN_16102023175522_Outcome.pdf"
"JIOFIN","Jio Financial Services Limited","Financial Result Updates","Jio Financial Services Limited has submitted to the Exchange, the financial results for the period ended September 30, 2023.","16-Oct-2023 17:51:49","2023-10-16 17:51:49","16-Oct-2023 17:51:56","00:00:07","https://nsearchives.nseindia.com/corporate/JFSResults_16102023175149.pdf"
"JIOFIN","Jio Financial Services Limited","Trading Window","Jio Financial Services Limited has informed the Exchange regarding the Trading Window closure pursuant to SEBI (Prohibition of Insider Trading) Regulations, 2015","29-Sep-2023 20:00:36","2023-09-29 20:00:36","29-Sep-2023 20:00:39","00:00:03","https://nsearchives.nseindia.com/corporate/JIOFIN_29092023200036_IntimationTWC.pdf"
"JIOFIN","Jio Financial Services Limited","Updates","Jio Financial Services Limited has informed the Exchange regarding 'Intimation under Regulation 30(5) of SEBI (ListingObligations and Disclosure Requirements) Regulations, 2015'.","28-Aug-2023 20:22:56","2023-08-28 20:22:56","28-Aug-2023 20:23:01","00:00:05","https://nsearchives.nseindia.com/corporate/JIOFIN_28082023202256_30_5_.pdf"
"JIOFIN","Jio Financial Services Limited","Disclosure under SEBI Takeover Regulations","Reliance Industries Holding Private Limited and Reliance Welfare Association has submitted to the Exchange a copy of Disclosures under Regulation 10(6)-Report to stock Exchange in respect of any acquisition made in reliance upon exemption provided for in regulation 10 of SEBI (SAST) Regulations, 2011.","23-Aug-2023 11:26:32","2023-08-23 11:26:32","23-Aug-2023 11:26:38","00:00:06","https://nsearchives.nseindia.com/corporate/JIOFIN_23082023112632_10Disclosure.pdf"